{"abbas": {"password": "ssss", "game_data": {"gold_amount": 0, "carrot_count": 0, "wheat_count": 0, "corn_count": 0, "seed_carrot_count": 5, "seed_wheat_count": 5, "seed_corn_count": 5, "active_dogs": [], "tasks": {"harvest_fiftin_corns": {"progress": 0, "completed": false}, "harvest_45_carrot": {"progress": 0, "completed": false}, "till_100_soil": {"progress": 0, "completed": false}, "buy_three_dog": {"progress": 0, "completed": false}}, "crops_data": []}}, "heyz": {"password": "122144", "game_data": {"character_style": "classic", "gold_amount": 767592.775, "carrot_count": 54, "wheat_count": 1, "corn_count": 1, "kebab_count": 0, "cotton_count": 50, "ticket_count": 17, "seed_carrot_count": 333, "seed_wheat_count": 585, "seed_corn_count": 688, "seed_cotton_count": 667, "active_dogs": [{"base_name": "momo", "current_outfit": "autumn", "outfits": ["base", "autumn"]}, {"base_name": "akita", "current_outfit": "base", "outfits": ["base"]}, {"base_name": "sam", "current_outfit": "base", "outfits": ["base"]}, {"base_name": "master", "current_outfit": "king", "outfits": ["base", "king"]}, {"base_name": "charlie", "current_outfit": "base", "outfits": ["base"]}, {"base_name": "paraoh", "current_outfit": "base", "outfits": ["base"]}, {"base_name": "banana", "current_outfit": "subway", "outfits": ["base", "subway"]}, {"base_name": "dolly", "current_outfit": "gangster", "outfits": ["base", "gangster"]}, {"base_name": "sussy", "current_outfit": "base", "outfits": ["base"]}, {"base_name": "hina", "current_outfit": "base", "outfits": ["base"]}, {"base_name": "rex", "current_outfit": "knight", "outfits": ["base", "knight"]}, {"base_name": "bobbo", "current_outfit": "pumpkin", "outfits": ["base", "pumpkin"]}, {"base_name": "lighty", "current_outfit": "base", "outfits": ["base"]}, {"base_name": "walter", "current_outfit": "base", "outfits": ["base"]}, {"base_name": "shelby", "current_outfit": "base", "outfits": ["base"]}, {"base_name": "pat", "current_outfit": "base", "outfits": ["base"]}, {"base_name": "sultan", "current_outfit": "zombie", "outfits": ["base", "zombie"]}, {"base_name": "skele-dog", "current_outfit": "inferno", "outfits": ["base", "inferno"]}, {"base_name": "akbash", "current_outfit": "ghost", "outfits": ["base", "ghost"]}, {"base_name": "cerberus", "current_outfit": "base", "outfits": ["base"]}, {"base_name": "candycorn", "current_outfit": "base", "outfits": ["base"]}], "vip_dogs_owned": ["momo", "akita", "sam", "master", "charlie", "paraoh"], "tasks": {"harvest_fiftin_corns": {"progress": 16, "completed": false}, "harvest_45_carrot": {"progress": 3, "completed": false}, "buy_three_dog": {"progress": 3, "completed": true}, "till_32_soil": {"progress": 4, "completed": false}}, "crops_data": [{"position": [10, 0], "plant_type": "carrot", "plant_stage": 4, "growth_time": 0}, {"position": [11, 0], "plant_type": "carrot", "plant_stage": 4, "growth_time": 0}, {"position": [12, 0], "plant_type": "carrot", "plant_stage": 4, "growth_time": 0}, {"position": [13, 0], "plant_type": "carrot", "plant_stage": 4, "growth_time": 0}, {"position": [14, 0], "plant_type": "carrot", "plant_stage": 4, "growth_time": 0}, {"position": [15, 0], "plant_type": "carrot", "plant_stage": 4, "growth_time": 0}, {"position": [16, 0], "plant_type": "carrot", "plant_stage": 4, "growth_time": 0}, {"position": [17, 0], "plant_type": "carrot", "plant_stage": 4, "growth_time": 0}, {"position": [18, 0], "plant_type": "carrot", "plant_stage": 4, "growth_time": 0}, {"position": [19, 0], "plant_type": "carrot", "plant_stage": 4, "growth_time": 0}, {"position": [10, 1], "plant_type": "carrot", "plant_stage": 4, "growth_time": 0}, {"position": [11, 1], "plant_type": "carrot", "plant_stage": 4, "growth_time": 0}, {"position": [12, 1], "plant_type": "carrot", "plant_stage": 4, "growth_time": 0}, {"position": [13, 1], "plant_type": "carrot", "plant_stage": 4, "growth_time": 0}, {"position": [14, 1], "plant_type": "carrot", "plant_stage": 4, "growth_time": 0}, {"position": [15, 1], "plant_type": "carrot", "plant_stage": 4, "growth_time": 0}, {"position": [16, 1], "plant_type": "carrot", "plant_stage": 4, "growth_time": 0}, {"position": [17, 1], "plant_type": "carrot", "plant_stage": 4, "growth_time": 0}, {"position": [18, 1], "plant_type": "carrot", "plant_stage": 4, "growth_time": 0}, {"position": [19, 1], "plant_type": "carrot", "plant_stage": 4, "growth_time": 0}, {"position": [17, 3], "plant_type": "carrot", "plant_stage": 4, "growth_time": 0}, {"position": [18, 3], "plant_type": "carrot", "plant_stage": 4, "growth_time": 0}, {"position": [19, 3], "plant_type": "carrot", "plant_stage": 4, "growth_time": 0}, {"position": [13, 4], "plant_type": "carrot", "plant_stage": 4, "growth_time": 0}, {"position": [17, 4], "plant_type": "carrot", "plant_stage": 4, "growth_time": 0}, {"position": [19, 4], "plant_type": "carrot", "plant_stage": 4, "growth_time": 0}, {"position": [10, 5], "plant_type": "carrot", "plant_stage": 4, "growth_time": 0}, {"position": [13, 5], "plant_type": "carrot", "plant_stage": 4, "growth_time": 0}, {"position": [14, 5], "plant_type": "carrot", "plant_stage": 4, "growth_time": 0}, {"position": [17, 5], "plant_type": "carrot", "plant_stage": 4, "growth_time": 0}, {"position": [18, 5], "plant_type": "carrot", "plant_stage": 4, "growth_time": 0}, {"position": [19, 5], "plant_type": "carrot", "plant_stage": 4, "growth_time": 0}, {"position": [11, 6], "plant_type": "carrot", "plant_stage": 4, "growth_time": 0}, {"position": [18, 6], "plant_type": "carrot", "plant_stage": 4, "growth_time": 0}, {"position": [19, 6], "plant_type": "carrot", "plant_stage": 4, "growth_time": 0}, {"position": [10, 7], "plant_type": "carrot", "plant_stage": 4, "growth_time": 0}, {"position": [11, 7], "plant_type": "carrot", "plant_stage": 4, "growth_time": 0}, {"position": [15, 7], "plant_type": "carrot", "plant_stage": 4, "growth_time": 0}, {"position": [17, 7], "plant_type": "carrot", "plant_stage": 4, "growth_time": 0}, {"position": [18, 7], "plant_type": "carrot", "plant_stage": 4, "growth_time": 0}, {"position": [13, 8], "plant_type": "carrot", "plant_stage": 4, "growth_time": 0}, {"position": [14, 8], "plant_type": "carrot", "plant_stage": 4, "growth_time": 0}, {"position": [19, 8], "plant_type": "carrot", "plant_stage": 4, "growth_time": 0}, {"position": [11, 9], "plant_type": "carrot", "plant_stage": 4, "growth_time": 0}, {"position": [12, 9], "plant_type": "carrot", "plant_stage": 4, "growth_time": 0}, {"position": [16, 9], "plant_type": "carrot", "plant_stage": 4, "growth_time": 0}, {"position": [18, 9], "plant_type": "carrot", "plant_stage": 4, "growth_time": 0}, {"position": [19, 9], "plant_type": "carrot", "plant_stage": 4, "growth_time": 0}], "finances": {"jackolantern": {"current_level": 3, "activated_time": null}, "grandmaj": {"current_level": 3, "activated_time": null}, "molefriend": {"current_level": 3, "activated_time": null}, "enchantedwizard": {"current_level": 3, "activated_time": 1762605505.3117812}, "toothfairy": {"current_level": 3, "activated_time": null}, "hogpirate": {"current_level": 3, "activated_time": 1762605556.662563}, "kingmidas": {"current_level": 3, "activated_time": null, "last_reward_time": 1762605536.613184}}, "active_finances": ["enchantedwizard", "hogpirate"], "finance_cookie_count": 294, "achievements": {"seed_collector": {"completed": false}, "dog_whisperer": {"completed": true}, "wealthy_farmer": {"completed": true}, "farming_tycoon": {"completed": false}}, "last_midnight_check": 1762549200.0, "last_morning_check": 1762570800.0, "xp_amount": 909723113098823530986793891502, "player_level": 371, "xp_to_next_level": 19818055377380232624641572601856, "claimed_rewards": [1, 2, 3, 4, 5, 6, 7, 8, 9, 10, 11, 12, 13, 14, 15, 16, 17, 18, 19, 20, 21, 22, 23, 24, 25, 26, 27, 28, 29, 30, 31, 32, 33, 34, 35, 36, 37, 38, 39, 40, 41, 42, 43, 44, 45, 46, 47, 48, 49, 50, 51, 52, 53, 54, 55, 56, 57, 58, 59, 60, 61, 62, 63, 65, 67, 68, 69, 70, 71, 72, 75, 80, 85, 90, 95, 100]}}, "Peanut": {"password": "1234", "game_data": {"gold_amount": 106.25, "carrot_count": 0, "wheat_count": 0, "corn_count": 0, "kebab_count": 0, "cotton_count": 7, "seed_carrot_count": 0, "seed_wheat_count": 0, "seed_corn_count": 0, "seed_cotton_count": 0, "active_dogs": ["sultan"], "tasks": {"harvest_fiftin_corns": {"progress": 5, "completed": false}, "buy_three_dog": {"progress": 0, "completed": false}, "till_200_soil": {"progress": 89, "completed": false}, "harvest_90_carrot": {"progress": 60, "completed": false}}, "crops_data": []}}, "Peanut12": {"password": "122144", "game_data": {"character_style": "classic", "gold_amount": 220952.25, "carrot_count": 1, "wheat_count": 1, "corn_count": 1, "kebab_count": 0, "cotton_count": 1, "ticket_count": 1, "seed_carrot_count": 244, "seed_wheat_count": 2, "seed_corn_count": 1, "seed_cotton_count": 1, "active_dogs": ["banana", "hina", "pat", "dolly", "rex", "momo", "momo", "akita", "akita", "akita", "sam", "sam", "sam", "paraoh", "paraoh", "bobbo", "charlie", "master"], "vip_dogs_owned": ["momo", "momo", "akita", "akita", "akita", "sam", "sam", "sam", "paraoh", "paraoh", "charlie", "master"], "tasks": {"harvest_fiftin_corns": {"progress": 6, "completed": false}, "harvest_45_carrot": {"progress": 16, "completed": false}, "till_100_soil": {"progress": 10, "completed": false}, "buy_three_dog": {"progress": 3, "completed": true}}, "crops_data": [{"position": [11, 5], "plant_type": "carrot", "plant_stage": 4, "growth_time": 92.94794999998236}, {"position": [12, 5], "plant_type": "carrot", "plant_stage": 4, "growth_time": 92.65819999998241}, {"position": [13, 5], "plant_type": "carrot", "plant_stage": 4, "growth_time": 92.38194999998248}, {"position": [14, 5], "plant_type": "carrot", "plant_stage": 4, "growth_time": 92.10969999998254}, {"position": [15, 5], "plant_type": "carrot", "plant_stage": 4, "growth_time": 91.48844999998266}, {"position": [16, 5], "plant_type": "carrot", "plant_stage": 4, "growth_time": 91.08019999998278}, {"position": [17, 5], "plant_type": "carrot", "plant_stage": 4, "growth_time": 90.82094999998301}, {"position": [18, 5], "plant_type": "carrot", "plant_stage": 4, "growth_time": 90.54069999998305}, {"position": [19, 5], "plant_type": "carrot", "plant_stage": 4, "growth_time": 89.92794999998314}]}}, "g\u00f6kay": {"password": "3131", "game_data": {"gold_amount": 0, "carrot_count": 0, "wheat_count": 0, "corn_count": 0, "kebab_count": 0, "cotton_count": 0, "ticket_count": 0, "seed_carrot_count": 0, "seed_wheat_count": 0, "seed_corn_count": 0, "seed_cotton_count": 0, "active_dogs": [], "tasks": {"harvest_fiftin_corns": {"progress": 0, "completed": false}, "harvest_45_carrot": {"progress": 0, "completed": false}, "till_100_soil": {"progress": 20, "completed": false}, "buy_three_dog": {"progress": 0, "completed": false}}, "crops_data": [{"position": [10, 1], "plant_type": "corn", "plant_stage": 4, "growth_time": 0}, {"position": [11, 1], "plant_type": "corn", "plant_stage": 4, "growth_time": 0}, {"position": [12, 1], "plant_type": "carrot", "plant_stage": 4, "growth_time": 0}, {"position": [10, 2], "plant_type": "corn", "plant_stage": 4, "growth_time": 0}, {"position": [11, 2], "plant_type": "cotton", "plant_stage": 4, "growth_time": 0}, {"position": [12, 2], "plant_type": "carrot", "plant_stage": 4, "growth_time": 0}, {"position": [10, 3], "plant_type": "cotton", "plant_stage": 4, "growth_time": 0}, {"position": [11, 3], "plant_type": "corn", "plant_stage": 4, "growth_time": 0}, {"position": [10, 4], "plant_type": "corn", "plant_stage": 4, "growth_time": 0}, {"position": [11, 4], "plant_type": "carrot", "plant_stage": 4, "growth_time": 0}, {"position": [10, 5], "plant_type": "wheat", "plant_stage": 4, "growth_time": 0}, {"position": [11, 5], "plant_type": "cotton", "plant_stage": 4, "growth_time": 0}, {"position": [10, 6], "plant_type": "wheat", "plant_stage": 4, "growth_time": 0}, {"position": [11, 6], "plant_type": "wheat", "plant_stage": 4, "growth_time": 0}, {"position": [10, 7], "plant_type": "wheat", "plant_stage": 4, "growth_time": 0}, {"position": [11, 7], "plant_type": "wheat", "plant_stage": 4, "growth_time": 0}, {"position": [10, 8], "plant_type": "carrot", "plant_stage": 4, "growth_time": 0}, {"position": [11, 8], "plant_type": "carrot", "plant_stage": 4, "growth_time": 0}, {"position": [10, 9], "plant_type": "cotton", "plant_stage": 4, "growth_time": 0}, {"position": [11, 9], "plant_type": "cotton", "plant_stage": 4, "growth_time": 0}]}}, "roketsevgi": {"password": "roketsevgi", "game_data": {"character_style": "classic", "gold_amount": 1, "carrot_count": 0, "wheat_count": 0, "corn_count": 0, "kebab_count": 0, "cotton_count": 0, "ticket_count": 0, "seed_carrot_count": 1, "seed_wheat_count": 3, "seed_corn_count": 3, "seed_cotton_count": 4, "active_dogs": [], "tasks": {"harvest_fiftin_corns": {"progress": 0, "completed": false}, "harvest_45_carrot": {"progress": 1, "completed": false}, "till_100_soil": {"progress": 9, "completed": false}, "buy_three_dog": {"progress": 0, "completed": false}}, "crops_data": [{"position": [10, 5], "plant_type": "carrot", "plant_stage": 4, "growth_time": 0}, {"position": [11, 5], "plant_type": "carrot", "plant_stage": 4, "growth_time": 0}, {"position": [12, 5], "plant_type": "cotton", "plant_stage": 3, "growth_time": 8.911000000000021}, {"position": [13, 5], "plant_type": "wheat", "plant_stage": 4, "growth_time": 0}, {"position": [14, 5], "plant_type": "wheat", "plant_stage": 4, "growth_time": 0}, {"position": [15, 5], "plant_type": "carrot", "plant_stage": 4, "growth_time": 0}, {"position": [16, 5], "plant_type": "corn", "plant_stage": 3, "growth_time": 8.395000000000037}, {"position": [16, 6], "plant_type": "corn", "plant_stage": 3, "growth_time": 3.144999999999992}]}}, "abbass": {"password": "yolcu", "game_data": {"character_style": "classic", "gold_amount": 0, "carrot_count": 0, "wheat_count": 0, "corn_count": 0, "kebab_count": 0, "cotton_count": 0, "ticket_count": 0, "seed_carrot_count": 5, "seed_wheat_count": 5, "seed_corn_count": 5, "seed_cotton_count": 5, "active_dogs": [], "tasks": {"harvest_fiftin_corns": {"progress": 0, "completed": false}, "harvest_45_carrot": {"progress": 0, "completed": false}, "till_100_soil": {"progress": 0, "completed": false}, "buy_three_dog": {"progress": 0, "completed": false}}, "crops_data": []}}, "Admin": {"password": "1234", "game_data": {"character_style": "classic", "gold_amount": 49994550, "carrot_count": 6, "wheat_count": 5, "corn_count": 5, "kebab_count": 0, "cotton_count": 0, "ticket_count": 0, "seed_carrot_count": 0, "seed_wheat_count": 0, "seed_corn_count": 0, "seed_cotton_count": 0, "active_dogs": ["banana", "dolly", "shelby", "pat", "hina", "rex", "momo", "paraoh", "akita", "charlie", "sam", "master"], "tasks": {"harvest_fiftin_corns": {"progress": 5, "completed": false}, "harvest_45_carrot": {"progress": 5, "completed": false}, "till_100_soil": {"progress": 20, "completed": false}, "buy_three_dog": {"progress": 3, "completed": true}}, "crops_data": [{"position": [13, 8], "plant_type": "cotton", "plant_stage": 3, "growth_time": 16.14369999999945}, {"position": [14, 8], "plant_type": "cotton", "plant_stage": 3, "growth_time": 13.565399999999595}, {"position": [12, 9], "plant_type": "cotton", "plant_stage": 3, "growth_time": 18.702449999999306}, {"position": [13, 9], "plant_type": "cotton", "plant_stage": 3, "growth_time": 17.394899999999378}, {"position": [14, 9], "plant_type": "cotton", "plant_stage": 3, "growth_time": 12.273949999999669}]}}, "Admin2": {"password": "122144", "game_data": {"character_style": "classic", "gold_amount": 114740.0, "carrot_count": 0, "wheat_count": 0, "corn_count": 0, "kebab_count": 0, "cotton_count": 0, "ticket_count": 0, "seed_carrot_count": 5, "seed_wheat_count": 5, "seed_corn_count": 5, "seed_cotton_count": 5, "active_dogs": [{"name": "master_king", "base_name": "master", "current_outfit": "king", "outfits": ["base", "king"]}, {"name": "banana", "base_name": "banana", "current_outfit": "base", "outfits": ["base"]}, {"name": "dolly_gangster", "base_name": "dolly", "current_outfit": "gangster", "outfits": ["base"]}, {"name": "rex_knight", "base_name": "rex", "current_outfit": "knight", "outfits": ["base", "knight"]}], "vip_dogs_owned": [], "tasks": {"harvest_fiftin_corns": {"progress": 0, "completed": false}, "harvest_45_carrot": {"progress": 0, "completed": false}, "till_100_soil": {"progress": 0, "completed": false}, "buy_three_dog": {"progress": 3, "completed": true}}, "crops_data": []}}, "Admin3": {"password": "122144", "game_data": {"character_style": "classic", "gold_amount": 120050.0, "carrot_count": 0, "wheat_count": 0, "corn_count": 0, "kebab_count": 0, "cotton_count": 0, "ticket_count": 0, "seed_carrot_count": 0, "seed_wheat_count": 5, "seed_corn_count": 5, "seed_cotton_count": 5, "active_dogs": ["banana_subway", "momo", "paraoh", "akita", "akita", "momo", "master", "paraoh", "rex_knight"], "vip_dogs_owned": ["momo", "paraoh", "akita", "akita", "momo", "master", "paraoh"], "tasks": {"harvest_fiftin_corns": {"progress": 0, "completed": false}, "harvest_45_carrot": {"progress": 0, "completed": false}, "till_100_soil": {"progress": 3, "completed": false}, "buy_three_dog": {"progress": 2, "completed": false}}, "crops_data": [{"position": [10, 5], "plant_type": "carrot", "plant_stage": 4, "growth_time": 15.449099999997388}, {"position": [11, 6], "plant_type": "carrot", "plant_stage": 4, "growth_time": 15.266699999997428}, {"position": [12, 9], "plant_type": "carrot", "plant_stage": 4, "growth_time": 0}, {"position": [13, 9], "plant_type": "carrot", "plant_stage": 4, "growth_time": 0}, {"position": [14, 9], "plant_type": "carrot", "plant_stage": 4, "growth_time": 0}]}}, "adam": {"password": "adam", "game_data": {"character_style": "classic", "gold_amount": 0, "carrot_count": 0, "wheat_count": 0, "corn_count": 0, "kebab_count": 0, "cotton_count": 0, "ticket_count": 0, "seed_carrot_count": 5, "seed_wheat_count": 5, "seed_corn_count": 5, "seed_cotton_count": 5, "active_dogs": [], "vip_dogs_owned": [], "tasks": {"harvest_fiftin_corns": {"progress": 0, "completed": false}, "harvest_45_carrot": {"progress": 0, "completed": false}, "till_100_soil": {"progress": 0, "completed": false}, "buy_three_dog": {"progress": 0, "completed": false}}, "crops_data": []}}, "PeanutLover": {"password": "122144", "game_data": {"character_style": "odin", "gold_amount": 36858.5, "carrot_count": 0, "wheat_count": 0, "corn_count": 0, "kebab_count": 0, "cotton_count": 0, "ticket_count": 0, "seed_carrot_count": 0, "seed_wheat_count": 0, "seed_corn_count": 0, "seed_cotton_count": 0, "active_dogs": [{"base_name": "momo", "current_outfit": "base", "outfits": ["base"]}, {"base_name": "shelby", "current_outfit": "base", "outfits": ["base"]}, {"base_name": "pat", "current_outfit": "base", "outfits": ["base"]}, {"base_name": "hina", "current_outfit": "base", "outfits": ["base"]}, {"base_name": "paraoh", "current_outfit": "base", "outfits": ["base"]}, {"base_name": "akita", "current_outfit": "base", "outfits": ["base"]}, {"base_name": "charlie", "current_outfit": "base", "outfits": ["base"]}, {"base_name": "sam", "current_outfit": "base", "outfits": ["base"]}, {"base_name": "akbash", "current_outfit": "base", "outfits": ["base"]}, {"base_name": "emerald", "current_outfit": "base", "outfits": ["base"]}, {"base_name": "fire", "current_outfit": "base", "outfits": ["base"]}, {"base_name": "kangal", "current_outfit": "base", "outfits": ["base"]}, {"base_name": "master", "current_outfit": "king", "outfits": ["base", "master_king", "king"]}, {"base_name": "dolly", "current_outfit": "gangster", "outfits": ["base", "gangster"]}, {"base_name": "rex", "current_outfit": "knight", "outfits": ["base", "rex_knight", "knight"]}, {"base_name": "sultan", "current_outfit": "base", "outfits": ["base"]}, {"base_name": "banana", "current_outfit": "subway", "outfits": ["base", "banana_subway", "subway"]}, {"base_name": "walter", "current_outfit": "base", "outfits": ["base"]}, {"base_name": "sussy", "current_outfit": "base", "outfits": ["base"]}], "vip_dogs_owned": ["momo", "paraoh", "akita", "charlie", "sam", "master"], "tasks": {"harvest_fiftin_corns": {"progress": 5, "completed": false}, "harvest_45_carrot": {"progress": 8, "completed": false}, "till_100_soil": {"progress": 65, "completed": false}, "buy_three_dog": {"progress": 3, "completed": true}}, "crops_data": [{"position": [10, 5], "plant_type": "corn", "plant_stage": 4, "growth_time": 3.803499999999972}, {"position": [11, 5], "plant_type": "corn", "plant_stage": 4, "growth_time": 3.5952999999999764}, {"position": [12, 5], "plant_type": "corn", "plant_stage": 4, "growth_time": 3.4440999999999775}, {"position": [13, 5], "plant_type": "corn", "plant_stage": 4, "growth_time": 3.2826999999999837}, {"position": [14, 5], "plant_type": "corn", "plant_stage": 4, "growth_time": 1.5701000000000185}]}}, "122144": {"password": "122144", "game_data": {"character_style": "classic", "gold_amount": 49999969620, "carrot_count": 2, "wheat_count": 3, "corn_count": 3, "kebab_count": 0, "cotton_count": 2, "ticket_count": 5, "seed_carrot_count": 0, "seed_wheat_count": 0, "seed_corn_count": 0, "seed_cotton_count": 0, "active_dogs": [{"base_name": "banana", "current_outfit": "subway", "outfits": ["base", "banana_subway", "subway"]}, {"base_name": "walter", "current_outfit": "base", "outfits": ["base"]}, {"base_name": "dolly", "current_outfit": "gangster", "outfits": ["base", "dolly_gangster", "gangster"]}, {"base_name": "shelby", "current_outfit": "base", "outfits": ["base"]}, {"base_name": "sussy", "current_outfit": "base", "outfits": ["base"]}, {"base_name": "pat", "current_outfit": "base", "outfits": ["base"]}, {"base_name": "hina", "current_outfit": "base", "outfits": ["base"]}, {"base_name": "sultan", "current_outfit": "base", "outfits": ["base"]}, {"base_name": "rex", "current_outfit": "knight", "outfits": ["base", "rex_knight", "knight"]}, {"base_name": "master", "current_outfit": "king", "outfits": ["base", "king"]}, {"base_name": "master", "current_outfit": "base", "outfits": ["base"]}, {"base_name": "charlie", "current_outfit": "base", "outfits": ["base"]}, {"base_name": "akita", "current_outfit": "base", "outfits": ["base"]}, {"base_name": "momo", "current_outfit": "base", "outfits": ["base"]}, {"base_name": "sam", "current_outfit": "base", "outfits": ["base"]}, {"base_name": "paraoh", "current_outfit": "base", "outfits": ["base"]}, {"base_name": "banana", "current_outfit": "base", "outfits": ["base"]}, {"base_name": "dolly", "current_outfit": "base", "outfits": ["base"]}, {"base_name": "akbash", "current_outfit": "base", "outfits": ["base"]}, {"base_name": "lighty", "current_outfit": "base", "outfits": ["base"]}, {"base_name": "skele-dog", "current_outfit": "base", "outfits": ["base"]}, {"base_name": "kangal", "current_outfit": "base", "outfits": ["base"]}, {"base_name": "bobbo", "current_outfit": "base", "outfits": ["base"]}, {"base_name": "fire", "current_outfit": "base", "outfits": ["base"]}, {"base_name": "rex", "current_outfit": "base", "outfits": ["base"]}, {"base_name": "choco", "current_outfit": "big", "outfits": ["base", "big"]}, {"base_name": "emerald", "current_outfit": "base", "outfits": ["base"]}, {"base_name": "pam", "current_outfit": "base", "outfits": ["base"]}, {"base_name": "choco", "current_outfit": "base", "outfits": ["base"]}], "vip_dogs_owned": ["master", "master", "charlie", "akita", "momo", "sam", "paraoh"], "tasks": {"harvest_fiftin_corns": {"progress": 5, "completed": false}, "harvest_45_carrot": {"progress": 5, "completed": false}, "till_100_soil": {"progress": 22, "completed": false}, "buy_three_dog": {"progress": 3, "completed": true}}, "crops_data": []}}, "212": {"password": "2122", "game_data": {"character_style": "classic", "gold_amount": 0, "carrot_count": 0, "wheat_count": 0, "corn_count": 0, "kebab_count": 0, "cotton_count": 0, "ticket_count": 0, "seed_carrot_count": 5, "seed_wheat_count": 5, "seed_corn_count": 5, "seed_cotton_count": 5, "active_dogs": [], "vip_dogs_owned": [], "tasks": {"harvest_fiftin_corns": {"progress": 0, "completed": false}, "harvest_45_carrot": {"progress": 0, "completed": false}, "till_100_soil": {"progress": 1, "completed": false}, "buy_three_dog": {"progress": 0, "completed": false}}, "crops_data": []}}, "3131": {"password": "3111", "game_data": {"gold_amount": 0, "carrot_count": 0, "wheat_count": 0, "corn_count": 0, "cotton_count": 0, "ticket_count": 0, "seed_carrot_count": 5, "seed_wheat_count": 5, "seed_corn_count": 5, "seed_cotton_count": 5, "active_dogs": [], "vip_dogs_owned": [], "tasks": {"harvest_10_carrots": {"progress": 0, "completed": false}, "harvest_8_wheat": {"progress": 0, "completed": false}, "till_20_soil": {"progress": 0, "completed": false}, "buy_first_dog": {"progress": 0, "completed": false}}, "crops_data": []}}, "313131": {"password": "3131", "game_data": {"character_style": "classic", "gold_amount": 166798.75, "carrot_count": 5, "wheat_count": 5, "corn_count": 5, "kebab_count": 0, "cotton_count": 50, "ticket_count": 6, "seed_carrot_count": 0, "seed_wheat_count": 0, "seed_corn_count": 0, "seed_cotton_count": 0, "active_dogs": [{"base_name": "banana", "current_outfit": "base", "outfits": ["base", "subway"]}, {"base_name": "walter", "current_outfit": "base", "outfits": ["base"]}, {"base_name": "dolly", "current_outfit": "gangster", "outfits": ["base", "gangster"]}, {"base_name": "shelby", "current_outfit": "base", "outfits": ["base"]}, {"base_name": "sussy", "current_outfit": "base", "outfits": ["base"]}, {"base_name": "pat", "current_outfit": "base", "outfits": ["base"]}, {"base_name": "hina", "current_outfit": "base", "outfits": ["base"]}, {"base_name": "sultan", "current_outfit": "base", "outfits": ["base"]}, {"base_name": "rex", "current_outfit": "knight", "outfits": ["base", "knight"]}, {"base_name": "momo", "current_outfit": "base", "outfits": ["base"]}, {"base_name": "paraoh", "current_outfit": "base", "outfits": ["base"]}, {"base_name": "akita", "current_outfit": "base", "outfits": ["base"]}, {"base_name": "charlie", "current_outfit": "base", "outfits": ["base"]}, {"base_name": "sam", "current_outfit": "base", "outfits": ["base"]}, {"base_name": "master", "current_outfit": "king", "outfits": ["base", "king"]}, {"base_name": "choco", "current_outfit": "big", "outfits": ["base", "big"]}], "vip_dogs_owned": ["momo", "paraoh", "akita", "charlie", "sam", "master"], "tasks": {"harvest_fiftin_corns": {"progress": 5, "completed": false}, "harvest_45_carrot": {"progress": 5, "completed": false}, "till_100_soil": {"progress": 83, "completed": false}, "buy_three_dog": {"progress": 3, "completed": true}}, "crops_data": [{"position": [19, 9], "plant_type": "cotton", "plant_stage": 4, "growth_time": 17.701899999996893}]}}, "heys": {"password": "122144", "game_data": {"character_style": "classic", "gold_amount": 0, "carrot_count": 0, "wheat_count": 0, "corn_count": 0, "kebab_count": 0, "cotton_count": 0, "ticket_count": 0, "seed_carrot_count": 5, "seed_wheat_count": 5, "seed_corn_count": 5, "seed_cotton_count": 5, "active_dogs": [], "vip_dogs_owned": [], "tasks": {"harvest_fiftin_corns": {"progress": 0, "completed": false}, "harvest_45_carrot": {"progress": 0, "completed": false}, "till_100_soil": {"progress": 5, "completed": false}, "buy_three_dog": {"progress": 0, "completed": false}}, "crops_data": []}}, "oya": {"password": "1234", "game_data": {"character_style": "classic", "gold_amount": 0, "carrot_count": 5, "wheat_count": 0, "corn_count": 0, "kebab_count": 0, "cotton_count": 0, "ticket_count": 0, "seed_carrot_count": 0, "seed_wheat_count": 5, "seed_corn_count": 5, "seed_cotton_count": 5, "active_dogs": [], "vip_dogs_owned": [], "tasks": {"harvest_fiftin_corns": {"progress": 0, "completed": false}, "harvest_45_carrot": {"progress": 5, "completed": false}, "till_100_soil": {"progress": 8, "completed": false}, "buy_three_dog": {"progress": 0, "completed": false}}, "crops_data": []}}, "ahmet": {"password": "2546", "game_data": {"character_style": "odin", "gold_amount": 0, "carrot_count": 0, "wheat_count": 0, "corn_count": 0, "kebab_count": 0, "cotton_count": 0, "ticket_count": 0, "seed_carrot_count": 0, "seed_wheat_count": 5, "seed_corn_count": 5, "seed_cotton_count": 5, "active_dogs": [], "vip_dogs_owned": [], "tasks": {"harvest_fiftin_corns": {"progress": 0, "completed": false}, "harvest_45_carrot": {"progress": 0, "completed": false}, "till_100_soil": {"progress": 7, "completed": false}, "buy_three_dog": {"progress": 0, "completed": false}}, "crops_data": [{"position": [10, 4], "plant_type": "carrot", "plant_stage": 4, "growth_time": 0}, {"position": [11, 4], "plant_type": "carrot", "plant_stage": 4, "growth_time": 0}, {"position": [12, 4], "plant_type": "carrot", "plant_stage": 3, "growth_time": 9.091000000000033}, {"position": [13, 4], "plant_type": "carrot", "plant_stage": 3, "growth_time": 7.919000000000061}, {"position": [14, 4], "plant_type": "carrot", "plant_stage": 3, "growth_time": 6.816000000000039}]}}, "batu31": {"password": "3131", "game_data": {"character_style": "classic", "gold_amount": 110531.25, "carrot_count": 5, "wheat_count": 0, "corn_count": 0, "kebab_count": 0, "cotton_count": 0, "ticket_count": 3, "seed_carrot_count": 0, "seed_wheat_count": 2, "seed_corn_count": 4, "seed_cotton_count": 30, "active_dogs": [{"base_name": "skele-dog", "current_outfit": "inferno", "outfits": ["base", "inferno"]}], "vip_dogs_owned": [], "tasks": {"harvest_fiftin_corns": {"progress": 0, "completed": false}, "harvest_45_carrot": {"progress": 6, "completed": false}, "buy_three_dog": {"progress": 0, "completed": false}, "till_64_soil": {"progress": 37, "completed": false}}, "crops_data": [{"position": [10, 0], "plant_type": "corn", "plant_stage": 3, "growth_time": 10.66560000000005}, {"position": [11, 0], "plant_type": "corn", "plant_stage": 3, "growth_time": 15.93240000000003}, {"position": [12, 0], "plant_type": "corn", "plant_stage": 3, "growth_time": 18.477799999999924}, {"position": [13, 0], "plant_type": "corn", "plant_stage": 4, "growth_time": 0}, {"position": [14, 0], "plant_type": "corn", "plant_stage": 4, "growth_time": 0}, {"position": [15, 0], "plant_type": "corn", "plant_stage": 4, "growth_time": 0}, {"position": [16, 0], "plant_type": "corn", "plant_stage": 4, "growth_time": 0}, {"position": [17, 0], "plant_type": "corn", "plant_stage": 4, "growth_time": 0}, {"position": [18, 0], "plant_type": "corn", "plant_stage": 4, "growth_time": 0}, {"position": [19, 0], "plant_type": "corn", "plant_stage": 4, "growth_time": 0}, {"position": [10, 1], "plant_type": "corn", "plant_stage": 4, "growth_time": 0}, {"position": [11, 1], "plant_type": "corn", "plant_stage": 4, "growth_time": 0}, {"position": [12, 1], "plant_type": "corn", "plant_stage": 4, "growth_time": 0}, {"position": [13, 1], "plant_type": "corn", "plant_stage": 4, "growth_time": 0}, {"position": [14, 1], "plant_type": "corn", "plant_stage": 4, "growth_time": 0}, {"position": [15, 1], "plant_type": "corn", "plant_stage": 4, "growth_time": 0}, {"position": [16, 1], "plant_type": "corn", "plant_stage": 4, "growth_time": 0}, {"position": [17, 1], "plant_type": "corn", "plant_stage": 4, "growth_time": 0}, {"position": [18, 1], "plant_type": "corn", "plant_stage": 4, "growth_time": 0}, {"position": [19, 1], "plant_type": "corn", "plant_stage": 4, "growth_time": 0}, {"position": [10, 2], "plant_type": "corn", "plant_stage": 4, "growth_time": 0}, {"position": [11, 2], "plant_type": "corn", "plant_stage": 4, "growth_time": 0}, {"position": [12, 2], "plant_type": "corn", "plant_stage": 4, "growth_time": 0}, {"position": [13, 2], "plant_type": "corn", "plant_stage": 4, "growth_time": 0}, {"position": [14, 2], "plant_type": "corn", "plant_stage": 4, "growth_time": 0}, {"position": [15, 2], "plant_type": "wheat", "plant_stage": 4, "growth_time": 0}, {"position": [16, 2], "plant_type": "wheat", "plant_stage": 4, "growth_time": 0}, {"position": [17, 2], "plant_type": "wheat", "plant_stage": 4, "growth_time": 0}, {"position": [18, 2], "plant_type": "wheat", "plant_stage": 4, "growth_time": 0}, {"position": [19, 2], "plant_type": "wheat", "plant_stage": 4, "growth_time": 0}, {"position": [10, 3], "plant_type": "wheat", "plant_stage": 4, "growth_time": 0}, {"position": [11, 3], "plant_type": "wheat", "plant_stage": 4, "growth_time": 0}, {"position": [12, 3], "plant_type": "wheat", "plant_stage": 4, "growth_time": 0}, {"position": [13, 3], "plant_type": "wheat", "plant_stage": 4, "growth_time": 0}, {"position": [14, 3], "plant_type": "wheat", "plant_stage": 4, "growth_time": 0}, {"position": [15, 3], "plant_type": "wheat", "plant_stage": 4, "growth_time": 0}, {"position": [16, 3], "plant_type": "wheat", "plant_stage": 4, "growth_time": 0}, {"position": [17, 3], "plant_type": "wheat", "plant_stage": 4, "growth_time": 0}, {"position": [18, 3], "plant_type": "wheat", "plant_stage": 4, "growth_time": 0}, {"position": [19, 3], "plant_type": "wheat", "plant_stage": 4, "growth_time": 0}, {"position": [10, 4], "plant_type": "wheat", "plant_stage": 4, "growth_time": 0}, {"position": [11, 4], "plant_type": "wheat", "plant_stage": 4, "growth_time": 0}, {"position": [12, 4], "plant_type": "wheat", "plant_stage": 4, "growth_time": 0}, {"position": [13, 4], "plant_type": "wheat", "plant_stage": 4, "growth_time": 0}, {"position": [14, 4], "plant_type": "wheat", "plant_stage": 4, "growth_time": 0}, {"position": [15, 4], "plant_type": "wheat", "plant_stage": 4, "growth_time": 0}, {"position": [16, 4], "plant_type": "wheat", "plant_stage": 4, "growth_time": 0}, {"position": [17, 4], "plant_type": "wheat", "plant_stage": 4, "growth_time": 0}, {"position": [18, 4], "plant_type": "wheat", "plant_stage": 4, "growth_time": 0}, {"position": [19, 4], "plant_type": "wheat", "plant_stage": 4, "growth_time": 0}, {"position": [10, 5], "plant_type": "carrot", "plant_stage": 4, "growth_time": 0}, {"position": [11, 5], "plant_type": "carrot", "plant_stage": 4, "growth_time": 0}, {"position": [12, 5], "plant_type": "carrot", "plant_stage": 4, "growth_time": 0}, {"position": [13, 5], "plant_type": "wheat", "plant_stage": 4, "growth_time": 0}, {"position": [14, 5], "plant_type": "wheat", "plant_stage": 4, "growth_time": 0}, {"position": [15, 5], "plant_type": "wheat", "plant_stage": 4, "growth_time": 0}, {"position": [16, 5], "plant_type": "wheat", "plant_stage": 4, "growth_time": 0}, {"position": [17, 5], "plant_type": "wheat", "plant_stage": 4, "growth_time": 0}, {"position": [18, 5], "plant_type": "wheat", "plant_stage": 4, "growth_time": 0}, {"position": [19, 5], "plant_type": "wheat", "plant_stage": 4, "growth_time": 0}, {"position": [10, 6], "plant_type": "carrot", "plant_stage": 4, "growth_time": 0}, {"position": [11, 6], "plant_type": "carrot", "plant_stage": 4, "growth_time": 0}, {"position": [12, 6], "plant_type": "carrot", "plant_stage": 4, "growth_time": 0}, {"position": [13, 6], "plant_type": "carrot", "plant_stage": 4, "growth_time": 0}, {"position": [14, 6], "plant_type": "carrot", "plant_stage": 4, "growth_time": 0}, {"position": [15, 6], "plant_type": "carrot", "plant_stage": 4, "growth_time": 0}, {"position": [16, 6], "plant_type": "carrot", "plant_stage": 4, "growth_time": 0}, {"position": [17, 6], "plant_type": "carrot", "plant_stage": 4, "growth_time": 0}, {"position": [18, 6], "plant_type": "carrot", "plant_stage": 4, "growth_time": 0}, {"position": [19, 6], "plant_type": "carrot", "plant_stage": 4, "growth_time": 0}, {"position": [10, 7], "plant_type": "carrot", "plant_stage": 4, "growth_time": 0}, {"position": [11, 7], "plant_type": "carrot", "plant_stage": 4, "growth_time": 0}, {"position": [12, 7], "plant_type": "carrot", "plant_stage": 4, "growth_time": 0}, {"position": [13, 7], "plant_type": "carrot", "plant_stage": 4, "growth_time": 0}, {"position": [14, 7], "plant_type": "carrot", "plant_stage": 4, "growth_time": 0}, {"position": [15, 7], "plant_type": "carrot", "plant_stage": 4, "growth_time": 0}, {"position": [16, 7], "plant_type": "carrot", "plant_stage": 4, "growth_time": 0}, {"position": [17, 7], "plant_type": "carrot", "plant_stage": 4, "growth_time": 0}, {"position": [18, 7], "plant_type": "carrot", "plant_stage": 4, "growth_time": 0}, {"position": [19, 7], "plant_type": "carrot", "plant_stage": 4, "growth_time": 0}, {"position": [10, 8], "plant_type": "carrot", "plant_stage": 4, "growth_time": 0}, {"position": [11, 8], "plant_type": "carrot", "plant_stage": 4, "growth_time": 0}, {"position": [12, 8], "plant_type": "carrot", "plant_stage": 4, "growth_time": 0}, {"position": [13, 8], "plant_type": "carrot", "plant_stage": 4, "growth_time": 0}, {"position": [14, 8], "plant_type": "carrot", "plant_stage": 4, "growth_time": 0}, {"position": [15, 8], "plant_type": "carrot", "plant_stage": 4, "growth_time": 0}, {"position": [16, 8], "plant_type": "carrot", "plant_stage": 4, "growth_time": 0}, {"position": [17, 8], "plant_type": "carrot", "plant_stage": 4, "growth_time": 0}, {"position": [18, 8], "plant_type": "carrot", "plant_stage": 4, "growth_time": 0}, {"position": [19, 8], "plant_type": "carrot", "plant_stage": 4, "growth_time": 0}, {"position": [11, 9], "plant_type": "carrot", "plant_stage": 4, "growth_time": 0}, {"position": [12, 9], "plant_type": "carrot", "plant_stage": 4, "growth_time": 0}, {"position": [13, 9], "plant_type": "carrot", "plant_stage": 4, "growth_time": 0}, {"position": [14, 9], "plant_type": "carrot", "plant_stage": 4, "growth_time": 0}, {"position": [15, 9], "plant_type": "carrot", "plant_stage": 4, "growth_time": 0}, {"position": [16, 9], "plant_type": "carrot", "plant_stage": 4, "growth_time": 0}, {"position": [17, 9], "plant_type": "carrot", "plant_stage": 4, "growth_time": 0}, {"position": [18, 9], "plant_type": "carrot", "plant_stage": 4, "growth_time": 0}, {"position": [19, 9], "plant_type": "carrot", "plant_stage": 4, "growth_time": 0}], "finances": {"jackolantern": {"current_level": 3, "activated_time": null}, "grandmaj": {"current_level": 3, "activated_time": null}, "molefriend": {"current_level": 3, "activated_time": 1760857335.645568}, "kingmidas": {"current_level": 3, "activated_time": 1760857345.869359, "last_reward_time": 1760857345.967407}}, "active_finances": ["molefriend", "kingmidas"], "finance_cookie_count": 21, "achievements": {"seed_collector": {"completed": false}, "dog_whisperer": {"completed": false}, "wealthy_farmer": {"completed": true}, "farming_tycoon": {"completed": false}}, "last_midnight_check": 1760821200.0, "last_morning_check": 1760842800.0, "xp_amount": 92582, "player_level": 39, "xp_to_next_level": 102067, "claimed_rewards": [1, 2, 3, 5, 7, 10, 15, 20, 25, 30]}}, "ama": {"password": "amaa", "game_data": {"character_style": "classic", "gold_amount": 207988, "carrot_count": 1, "wheat_count": 0, "corn_count": 0, "kebab_count": 0, "cotton_count": 0, "ticket_count": 2, "seed_carrot_count": 63, "seed_wheat_count": 48, "seed_corn_count": 47, "seed_cotton_count": 53, "active_dogs": [{"base_name": "fire", "current_outfit": "base", "outfits": ["base"]}], "vip_dogs_owned": [], "tasks": {"harvest_fiftin_corns": {"progress": 0, "completed": false}, "harvest_45_carrot": {"progress": 1, "completed": false}, "till_100_soil": {"progress": 1, "completed": false}, "buy_three_dog": {"progress": 0, "completed": false}}, "crops_data": [], "finances": {"jackolantern": {"current_level": 0, "activated_time": null}, "grandmaj": {"current_level": 0, "activated_time": null}, "molefriend": {"current_level": 0, "activated_time": null}, "kingmidas": {"current_level": 0, "activated_time": null, "last_reward_time": null}}, "active_finances": [], "finance_cookie_count": 35, "achievements": {"seed_collector": {"completed": false}, "dog_whisperer": {"completed": false}, "wealthy_farmer": {"completed": true}, "farming_tycoon": {"completed": false}}, "last_midnight_check": 1760889960.658848, "last_morning_check": 1760889960.658848, "xp_amount": 0, "player_level": 201, "xp_to_next_level": 5000, "claimed_rewards": [1, 2, 3, 4, 5, 6, 7, 8, 9, 10, 11, 12, 13, 14, 15, 16, 17, 18, 19, 20, 21, 22, 23, 24, 25, 26, 27, 28, 29, 30, 31, 32, 33, 34, 35, 36, 37, 38, 39, 40, 41, 42, 43, 44, 45, 46, 47, 48, 49, 50, 51, 55, 56, 57, 61, 62, 63, 67, 68, 69]}}, "200mb": {"password": "200mb", "game_data": {"character_style": "classic", "gold_amount": 205235, "carrot_count": 1, "wheat_count": 0, "corn_count": 0, "kebab_count": 0, "cotton_count": 0, "ticket_count": 11, "seed_carrot_count": 135, "seed_wheat_count": 127, "seed_corn_count": 135, "seed_cotton_count": 153, "active_dogs": [{"base_name": "bobbo", "current_outfit": "base", "outfits": ["base"]}, {"base_name": "fire", "current_outfit": "base", "outfits": ["base"]}, {"base_name": "banana", "current_outfit": "base", "outfits": ["base"]}, {"base_name": "walter", "current_outfit": "base", "outfits": ["base"]}, {"base_name": "dolly", "current_outfit": "base", "outfits": ["base"]}, {"base_name": "sussy", "current_outfit": "base", "outfits": ["base"]}, {"base_name": "shelby", "current_outfit": "base", "outfits": ["base"]}, {"base_name": "pat", "current_outfit": "base", "outfits": ["base"]}, {"base_name": "hina", "current_outfit": "base", "outfits": ["base"]}, {"base_name": "rex", "current_outfit": "base", "outfits": ["base"]}, {"base_name": "momo", "current_outfit": "base", "outfits": ["base"]}, {"base_name": "akita", "current_outfit": "base", "outfits": ["base"]}, {"base_name": "sam", "current_outfit": "base", "outfits": ["base"]}, {"base_name": "master", "current_outfit": "base", "outfits": ["base"]}, {"base_name": "charlie", "current_outfit": "base", "outfits": ["base"]}, {"base_name": "paraoh", "current_outfit": "base", "outfits": ["base"]}], "vip_dogs_owned": ["momo", "akita", "sam", "master", "charlie", "paraoh"], "tasks": {"harvest_fiftin_corns": {"progress": 0, "completed": false}, "harvest_45_carrot": {"progress": 1, "completed": false}, "till_100_soil": {"progress": 1, "completed": false}, "buy_three_dog": {"progress": 3, "completed": true}}, "crops_data": [], "finances": {"jackolantern": {"current_level": 3, "activated_time": null}, "grandmaj": {"current_level": 2, "activated_time": null}, "molefriend": {"current_level": 3, "activated_time": null}, "kingmidas": {"current_level": 2, "activated_time": null, "last_reward_time": null}}, "active_finances": [], "finance_cookie_count": 111, "achievements": {"seed_collector": {"completed": false}, "dog_whisperer": {"completed": false}, "wealthy_farmer": {"completed": true}, "farming_tycoon": {"completed": false}}, "last_midnight_check": 1760893356.816228, "last_morning_check": 1760893356.816228, "xp_amount": 4300, "player_level": 201, "xp_to_next_level": 5000, "claimed_rewards": [1, 2, 3, 4, 5, 6, 7, 8, 9, 10, 11, 12, 13, 14, 15, 16, 17, 18, 19, 20, 21, 22, 23, 24, 25, 26, 27, 28, 29, 30, 31, 32, 33, 34, 35, 36, 37, 38, 39, 40, 41, 42, 43, 44, 45, 46, 47, 48, 49, 50, 51, 52, 53, 54, 55, 56, 57, 58, 59, 60, 61, 62, 63, 64, 65, 66, 67, 68, 69, 70, 71, 72, 73, 74, 75, 76, 77, 78, 82, 83, 84, 150, 162, 175, 176, 177, 184, 185, 186, 190, 191, 192, 193, 194, 195, 199, 200]}}, "potato": {"password": "12345", "game_data": {"character_style": "classic", "gold_amount": 0, "carrot_count": 0, "wheat_count": 0, "corn_count": 0, "kebab_count": 0, "cotton_count": 0, "ticket_count": 0, "seed_carrot_count": 3, "seed_wheat_count": 5, "seed_corn_count": 5, "seed_cotton_count": 5, "active_dogs": [], "vip_dogs_owned": [], "tasks": {"harvest_fiftin_corns": {"progress": 0, "completed": false}, "harvest_45_carrot": {"progress": 0, "completed": false}, "till_100_soil": {"progress": 2, "completed": false}, "buy_three_dog": {"progress": 0, "completed": false}}, "crops_data": [{"position": [10, 5], "plant_type": "carrot", "plant_stage": 4, "growth_time": 0}, {"position": [11, 5], "plant_type": "carrot", "plant_stage": 4, "growth_time": 0}], "finances": {"jackolantern": {"current_level": 0, "activated_time": null}, "grandmaj": {"current_level": 0, "activated_time": null}, "molefriend": {"current_level": 0, "activated_time": null}, "kingmidas": {"current_level": 0, "activated_time": null, "last_reward_time": null}}, "active_finances": [], "finance_cookie_count": 12, "achievements": {"seed_collector": {"completed": false}, "dog_whisperer": {"completed": false}, "wealthy_farmer": {"completed": false}, "farming_tycoon": {"completed": false}}, "last_midnight_check": 1761586654.273775, "last_morning_check": 1761586654.273775, "xp_amount": 0, "player_level": 1, "xp_to_next_level": 5000, "claimed_rewards": [1]}}, "patatttes": {"password": "12214", "game_data": {"character_style": "classic", "gold_amount": 75, "carrot_count": 0, "wheat_count": 0, "corn_count": 0, "kebab_count": 0, "cotton_count": 0, "ticket_count": 0, "seed_carrot_count": 5, "seed_wheat_count": 5, "seed_corn_count": 5, "seed_cotton_count": 5, "active_dogs": [{"base_name": "banana", "current_outfit": "base", "outfits": ["base"]}, {"base_name": "sultan", "current_outfit": "base", "outfits": ["base"]}], "vip_dogs_owned": [], "tasks": {"harvest_fiftin_corns": {"progress": 0, "completed": false}, "harvest_45_carrot": {"progress": 0, "completed": false}, "buy_three_dog": {"progress": 2, "completed": false}, "till_2_soil": {"progress": 0, "completed": false}}, "crops_data": [], "finances": {"jackolantern": {"current_level": 0, "activated_time": null}, "grandmaj": {"current_level": 0, "activated_time": null}, "molefriend": {"current_level": 0, "activated_time": null}, "kingmidas": {"current_level": 0, "activated_time": null, "last_reward_time": null}}, "active_finances": [], "finance_cookie_count": 0, "achievements": {"seed_collector": {"completed": false}, "dog_whisperer": {"completed": false}, "wealthy_farmer": {"completed": false}, "farming_tycoon": {"completed": false}}, "last_midnight_check": 1761672259.466073, "last_morning_check": 1761672259.466073, "xp_amount": 1300, "player_level": 1, "xp_to_next_level": 5000, "claimed_rewards": []}}}